universeId	name	sorts	playing	visits	favorited	created	updated	genre_l1	genre_l2	maxPlayers	upvotePct
10035204815	[🌋] Ride A Pet	top-trending#1 top-playing-now#3	173428	238290273	246880	2026-04-14	2026-10-02	Simulation	Tycoon	6	97
7709344486	[🥚] Steal a Brainrot	top-trending#2 top-playing-now#15	51049	73759367167	29460154	2025-05-16	2026-10-01	Simulation	Tycoon	8	85
10685282333	Ball VS Ball	top-trending#3 top-playing-now#35 fun-with-friends#65	21664	57093553	101805	2026-08-12	2026-10-02	Party & Casual		25	88
10681914462	[🔮UPDATE!] +1 Tongue Escape 😛	top-trending#4 top-playing-now#50	16591	89745209	244984	2026-08-11	2026-09-29	Simulation	Incremental Simulator	16	95
6931042565	[UPD] Volleyball Legends	top-trending#5 top-playing-now#27	28464	3906915641	5372721	2024-12-17	2026-10-01	Sports & Racing	Sports	12	95
10684750879	[Enhance]+1 Loot To Forge	top-trending#6 top-playing-now#16	49150	43939952	2027895	2026-08-12	2026-10-02	Simulation	Incremental Simulator	8	97
7089588429	(WHEELIE STYLE x BIG UPDATE) Drag Drive Simulator	top-trending#7 top-playing-now#19 top-revisited#32	43195	611998463	3066493	2025-01-15	2026-10-02	Simulation	Vehicle Sim	25	96
10766506199	7 Days Cat-Sitting	top-trending#8 up-and-coming#1	6297	7431496	34418	2026-09-15	2026-09-30	Survival		16	73
10764897725	+1 Wings For Eggs	top-trending#9 up-and-coming#10 top-playing-now#45	16885	21040254	1037760	2026-09-02	2026-09-30	Simulation	Tycoon	5	98
10765012427	Build the Pyramid!	top-trending#10 up-and-coming#11 top-playing-now#38	19845	19857208	99808	2026-09-03	2026-10-01	Simulation	Incremental Simulator	100	95
10765298801	+1 Stone Skipping	top-trending#11 up-and-coming#3 top-playing-now#60	14424	4952398	191032	2026-09-05	2026-09-30	Simulation	Incremental Simulator	10	96
8719555347	[🚀Nitrous!🚀] Southern Mudding 🚜 OffRoading	top-trending#12 top-playing-now#93	9484	427801744	624624	2025-09-15	2026-09-25	Simulation	Vehicle Sim	10	93
9641502068	KNIFE DUELS	top-trending#13	8610	108800742	211126	2026-01-29	2026-09-25	Shooter	Deathmatch Shooter	60	94
10741654282	Build and Kill Zombies	top-trending#14 top-playing-now#36	21735	37693076	960988	2026-08-19	2026-10-01	Simulation	Sandbox	5	98
9534705677	[🔥NEW SCRT] Sniper Arena	top-trending#15 top-playing-now#53	16481	292093954	2739257	2026-01-10	2026-09-30	Shooter	Deathmatch Shooter	20	92
10766138478	+1 Strength for Eggs	top-trending#16 up-and-coming#4 top-playing-now#54	16151	9046981	492045	2026-09-12	2026-09-30	Simulation	Tycoon	5	98
10762388019	[1 & 2 PLAYER] Grapple Cart Obby	top-trending#17 fun-with-friends#47	6100	17883959	78842	2026-08-26	2026-10-01	Obby & Platformer		25	93
10550257968	[BOSS] Steal A Verity!	top-trending#18 top-playing-now#76	11314	17053744	627616	2026-07-23	2026-10-01	Simulation	Tycoon	7	73
10601155553	That Freekick Challenge (TFC)	top-trending#19	3303	24222113	148738	2026-07-31	2026-09-29	Sports & Racing	Sports	20	96
10767915837	Blox League	top-trending#20	6892	10873194	20711	2026-09-24	2026-10-01	Sports & Racing		10	93
10753751277	[😇] Steal From The Rich!	top-trending#21 up-and-coming#6 top-playing-now#52	16378	10530065	1076561	2026-08-22	2026-09-29	Simulation	Tycoon	7	95
10764640833	SKI (ALPHA)	top-trending#22	5089	11445620	37803	2026-08-31	2026-10-02	Sports & Racing	Racing	25	79
7554119808	🛍️ My Avatar!	top-trending#23 top-playing-now#65 fun-with-friends#27	13491	435385744	5459693	2025-04-17	2026-10-01	Shopping	Avatar Shopping	28	91
9296252245	[🔥AURA] Phonk Edit Tower 🎶	top-trending#24	5800	240227281	14806969	2025-12-04	2026-09-19	Obby & Platformer	Tower Obby	30	95
10701628624	Animal Daycare (Anomaly)	top-trending#25 up-and-coming#13	5568	15317244	241101	2026-08-14	2026-10-01	Survival		25	80
6521100398	Dreamville 🏡 RP [Multiple Kids! 👧]	top-trending#26 top-playing-now#97 fun-with-friends#39	9111	338842664	571689	2024-09-07	2026-09-27	Roleplay & Avatar Sim	Life	25	95
10764627709	Huss Valley	top-trending#27 top-playing-now#47 fun-with-friends#29	16732	2143830	10342	2026-08-31	2026-10-01			30	87
10708913337	[⚙️UPD 6] Anime Dice	top-trending#28 top-playing-now#12	67343	54459304	117542	2026-08-15	2026-10-02	Simulation	Incremental Simulator	9	99
10765288803	Break and Steal an Egg	top-trending#29 up-and-coming#12 top-playing-now#24	32799	7167256	67235	2026-09-05	2026-10-01	Simulation	Tycoon	7	98
10767780358	MM2 of The Locust	top-trending#30 up-and-coming#34	6100	4281624	369405	2026-09-23	2026-10-02	Survival	1 vs All	30	94
10762757054	WHO FARTED?	top-trending#31 up-and-coming#18 fun-with-friends#11	6149	11260373	43547	2026-08-26	2026-10-02	Survival	1 vs All	10	80
8401518398	Obby But You're on a Scooter	top-trending#32	4443	115350935	101697	2025-08-10	2026-10-02	Obby & Platformer		10	72
10371406677	Race for Eggs	top-trending#33 up-and-coming#15 top-playing-now#95	9223	12986517	56708	2026-06-21	2026-10-01	Simulation	Tycoon	5	98
10605746344	[🔥AURA] Auto Wallhop PHONK Tower 🔁	top-trending#34	5886	15855237	35013	2026-07-31	2026-09-30	Obby & Platformer	Tower Obby	30	89
9472441390	💎 ROB IT	top-trending#35	4310	286478813	272718	2025-12-31	2026-09-25	Survival	Escape	20	96
10665420648	THRESHOLD [HORROR] [UPD 1.5]	top-trending#36	5040	6853518	75378	2026-08-09	2026-10-01	Survival	Escape	45	98
10766721625	Drill for Eggs	top-trending#37 up-and-coming#35 top-playing-now#90	9975	2881988	220876	2026-09-16	2026-10-02	Simulation	Tycoon	5	92
10765153945	Steal A Car	top-trending#38 up-and-coming#33 top-playing-now#82	10869	1881626	6610	2026-09-04	2026-09-22	Simulation	Tycoon	5	88
9051406594	Dueling Grounds ⚔️ 	top-trending#39	8248	386000841	7561289	2025-10-28	2026-09-18	Action	Battlegrounds & Fighting	14	96
10766364164	Is It Verity?	top-trending#40 up-and-coming#16	1656	3656557	11399	2026-09-13	2026-10-01	Party & Casual		22	74
10399174001	[🌟] Makeup Artist 🎨	top-trending#41	4341	4823285	549122	2026-06-26	2026-09-27	Roleplay & Avatar Sim	Dress Up	9	73
4540138978	Metro Life 🏡 City RP	top-trending#42 top-playing-now#87 fun-with-friends#50	9959	2368253149	67222948	2023-04-03	2026-09-30	Roleplay & Avatar Sim	Life	23	87
6325068386	[SNUFFY🐦‍🔥] Blue Lock: Rivals	top-trending#43 top-playing-now#86	9987	4975382951	6272112	2024-07-26	2026-09-26	Sports & Racing	Sports	10	97
10526463655	[NEW] 8 Ball Duels	top-trending#44	5035	8931785	20599	2026-07-18	2026-10-02	Sports & Racing	Sports	50	71
10222476236	⭐Catalog Avatar Runway	top-trending#45	7346	37190729	144867	2026-05-25	2026-10-02	Roleplay & Avatar Sim	Dress Up	15	93
7395930870	[W2] Sell Lemons 🍋	top-trending#46 top-playing-now#85	9994	464204486	495763	2025-03-17	2026-10-01	Simulation	Tycoon	10	95
10714746778	Build Your Voxel Coaster	top-trending#47	3166	12925926	549705	2026-08-15	2026-10-01	Simulation	Sandbox	12	97
5451143054	IT GIRL 🏝️	top-trending#48	3064	253741936	3567128	2023-12-27	2026-10-01	Roleplay & Avatar Sim	Dress Up	14	83
10765279487	Shuffle an Egg	top-trending#49 up-and-coming#7	4521	4817414	46681	2026-09-05	2026-10-02	Simulation	Tycoon	5	82
10759518799	[CREATURE] DON'T LET HIM IN	top-trending#50 up-and-coming#29	2992	3187721	35213	2026-08-24	2026-10-02	Survival		30	91
10766687030	Rocket Rush	top-trending#51	2504	1991986	7214	2026-09-16	2026-10-02	Simulation	Vehicle Sim	6	80
10765032875	Motorcycle for Animals	top-trending#52 up-and-coming#5	4459	4530155	7173	2026-09-04	2026-09-28	Simulation	Tycoon	5	84
3308103880	[🧪] Maple Hospital 🍂	top-trending#53	4094	1832874771	2104482	2022-02-01	2026-10-01	Roleplay & Avatar Sim	Life	50	86
10765764482	[CHAPTER 2] Cut it Out!	top-trending#54 up-and-coming#14	3976	7865755	50398	2026-09-09	2026-10-01	Obby & Platformer		70	83
9807649116	[👮] Tactical: Swat Simulator	top-trending#55	2904	186535532	362752	2026-02-27	2026-10-01	Simulation		12	96
9949148856	[FPS] FLING	top-trending#56	3352	2273394	378028	2026-03-27	2026-10-01	Shooter	Deathmatch Shooter	8	72
10520829450	Spot and Mark!	top-trending#57 fun-with-friends#61	2575	35488499	60376	2026-07-18	2026-10-01	Party & Casual		30	94
10667357873	💭Dream Car Collection [12hrs]	top-trending#58	6905	6962919	111527	2026-08-09	2026-10-02	Simulation	Incremental Simulator	6	95
10766008884	Clone to Steal Eggs	top-trending#59 up-and-coming#2	8260	2402869	11452	2026-09-11	2026-10-02	Simulation	Tycoon	4	97
10278774552	[UPD] Paint Or Seek [Chameleon]	top-trending#60	4739	197906105	343946	2026-06-06	2026-10-01	Party & Casual		16	78
10751939592	ASMR Auto Wallhop Tower 2	top-trending#61	4690	9873474	948012	2026-08-22	2026-10-01	Obby & Platformer	Tower Obby	18	71
10764706572	Make My Flag!	top-trending#62	1100	1085871	2225	2026-09-01	2026-10-02	Party & Casual		35	73
9735583968	SCP MORPH	top-trending#63	3498	151677778	418458	2026-02-15	2026-10-01	Roleplay & Avatar Sim	Morph Roleplay	12	92
10230942274	Ability Arena 💥	top-trending#64	6028	95360268	204939	2026-05-27	2026-10-01	Action	Battlegrounds & Fighting	20	93
10696894951	Survive Deep in the Woods	top-trending#65	6420	12065250	16274	2026-08-13	2026-10-01	Survival	1 vs All	60	71
8901107688	⚔️ Killer's Arena	top-trending#66	4663	9730898	437236	2025-10-08	2026-10-01	Survival	1 vs All	12	82
10764297006	Pixel Conquest	top-trending#67 up-and-coming#26	3230	24566951	15620	2026-08-29	2026-09-30	Strategy		135	78
10436530264	Build An Ant Empire	top-trending#68 top-playing-now#42	17917	6097860	169453	2026-07-03	2026-10-01	Simulation	Tycoon	6	96
6443367640	Gym Star Simulator 🏋️	top-trending#69	6572	712099358	6943198	2024-08-20	2026-10-01	Simulation	Incremental Simulator	16	93
8813969120	[DELIVERIES🍔NEW TRACKS] TR Legacy	top-trending#70	5240	42071959	121703	2025-09-27	2026-10-02	Simulation	Vehicle Sim	30	97
10766109756	+1 Web Escape 🕸️	top-trending#71 up-and-coming#9	3940	1794841	5860	2026-09-12	2026-10-01	Simulation	Incremental Simulator	16	96
10608856704	+1 Paint Keyboard Adventure	top-trending#72	2607	1359930	99511	2026-08-01	2026-10-02	Simulation	Incremental Simulator	22	98
4420562665	[🎃EVENT] Ride Storm	top-trending#73	5787	87639492	337279	2023-02-24	2026-10-02	Simulation	Vehicle Sim	20	91
9796898051	Drill to Earth’s Core 🌎	top-trending#74 top-playing-now#75	11851	63971092	977411	2026-02-25	2026-09-26	Adventure	Exploration	20	92
7856039629	Murder Mystery DUELS	top-trending#75 fun-with-friends#49	4644	71758255	2097566	2025-06-06	2026-10-02	Action	Battlegrounds & Fighting	30	89
10765686447	Steal ASMR!	top-trending#76 up-and-coming#23	6288	2106350	13713	2026-09-08	2026-09-29	Simulation	Tycoon	7	94
10189903609	Finish The Word! [ SUMMER ]	top-trending#77 fun-with-friends#31	4405	84612100	138975	2026-05-19	2026-09-30	Puzzle	Word	25	91
3012965062	The Presentation Experience	top-trending#78	2638	677959846	6410728	2021-10-18	2026-09-27	Simulation		16	91
10766309747	Melt All The Ice!🧊	top-trending#79 up-and-coming#22	3035	2571125	11422	2026-09-13	2026-10-01	Simulation	Incremental Simulator	20	96
10758397570	Steal an Egg for Squishy Dumplings!	top-trending#80	5431	10927979	23283	2026-08-24	2026-10-01	Simulation	Tycoon	6	98
1000233041	3008 [2.75]	top-trending#81 fun-with-friends#5	8765	3312096374	5800487	2019-01-20	2026-09-20	Survival	1 vs All	16	92
1831550657	✨ Creatures of Sonaria 📜 Survive Kaiju Animals	top-trending#82 top-playing-now#59 fun-with-friends#37 top-revisited#37	14803	2240986532	11250552	2020-06-25	2026-09-26	Roleplay & Avatar Sim	Animal Sim	75	92
10765091041	Open Sea For Animals!	top-trending#83 up-and-coming#24	5460	7957417	43149	2026-09-04	2026-10-01	Simulation	Tycoon	5	97
10765490955	Steal a Hacker Egg	top-trending#84 up-and-coming#27	6416	2811981	313462	2026-09-06	2026-10-02	Simulation	Tycoon	5	90
10575295323	Highway Patrol [Alpha]	top-trending#85	2626	1630724	7087	2026-07-26	2026-10-02			28	73
10031505426	FPS🔥AirDrop Arena [S5]🔥	top-trending#86	4025	43442172	1678888	2026-04-13	2026-10-01	Shooter	Deathmatch Shooter	8	97
10534873486	+1 Bite Per Click	top-trending#87	5773	8317048	337605	2026-07-20	2026-10-01	Simulation	Incremental Simulator	12	91
1451869528	Would You Rather: Cartoons Tower	top-trending#88	1512	7481836	843681	2019-12-17	2026-09-25	Obby & Platformer	Tower Obby	32	89
10456511458	[UPD] Build to the moon!	top-trending#89	3563	13427092	26634	2026-07-06	2026-10-01	Simulation	Incremental Simulator	12	92
10764415267	[ALIENS 👽] Rope an Animal	up-and-coming#8	5369	3284610	9722	2026-08-30	2026-10-02	Simulation	Tycoon	6	90
10765949442	Love Letter: Roleplay ( YANWEEN PART I )	up-and-coming#17	2355	1809908	14377	2026-09-10	2026-10-02	Roleplay & Avatar Sim	Morph Roleplay	50	90
10765874762	+1 Car Vs Platforms	up-and-coming#19	2654	4679535	346391	2026-09-10	2026-10-01	Simulation	Incremental Simulator	14	92
10764839604	Backflip for Animals!	up-and-coming#20	3720	2804481	17496	2026-09-02	2026-09-30	Simulation	Incremental Simulator	6	97
10765629453	Sail For Eggs	up-and-coming#21	3676	2932779	337400	2026-09-08	2026-10-01	Simulation	Tycoon	6	93
10700618962	[⚽] Blue Lock Farm	up-and-coming#25 top-playing-now#88	9931	6014067	177880	2026-08-14	2026-09-28	Simulation	Tycoon	8	98
10765481558	Survive Lava for Animals	up-and-coming#28	3273	3731341	5712	2026-09-06	2026-10-02	Simulation	Tycoon	7	77
10766174914	Cry Baby Outfit Tower	up-and-coming#30	351	1691685	203892	2026-09-12	2026-10-02	Obby & Platformer	Tower Obby	22	74
10766135603	+1 Lift Rock for Treasure	up-and-coming#31	3441	2274944	190160	2026-09-12	2026-10-01	Simulation	Incremental Simulator	6	96
10764467420	TROLL Wheelchair Tower	up-and-coming#32	1573	1617578	141599	2026-08-30	2026-10-01	Obby & Platformer	Tower Obby	24	80
10765167636	[UPD] 2 Player Raid Tycoon	up-and-coming#36 fun-with-friends#9	3731	4964424	28495	2026-09-05	2026-10-01	Simulation	Tycoon	12	90
10667990790	ASMR Game [📦]	up-and-coming#37	1815	7547179	405132	2026-08-09	2026-09-29	Simulation	Physics Sim	20	96
10764769092	The CAT [HORROR]	up-and-coming#38	842	6050666	41312	2026-09-01	2026-10-01	Survival	Escape	30	83
10765078176	Verity's Game	up-and-coming#39	1870	16398247	56598	2026-09-04	2026-10-01	Simulation	Tycoon	5	81
10764948276	Zipwire to Save Baddies![❄️ICEBERG EVENT]	up-and-coming#40	2217	5971906	48776	2026-09-03	2026-09-25	Simulation	Incremental Simulator	8	94
10766456501	The Hunt: Roblox 20	up-and-coming#41	585	252537700	283930	2026-09-14	2026-09-29	Entertainment	Showcase & Hub	30	82
10563114921	Steal An Egg	top-playing-now#1 top-revisited#14	1282420	6246846590	6406821	2026-07-25	2026-10-02	Simulation	Tycoon	7	92
1686885941	Brookhaven 🏡RP	top-playing-now#2 fun-with-friends#24	216435	88139099419	30272091	2020-04-21	2026-09-30	Roleplay & Avatar Sim	Life	30	86
994732206	Blox Fruits	top-playing-now#4 top-revisited#59	167343	64766113140	20011232	2019-01-16	2026-09-27	RPG	Action RPG	12	92
383310974	[🏚️] Adopt Me!	top-playing-now#5 top-revisited#58	119460	44900618968	29682703	2017-07-14	2026-09-30	Roleplay & Avatar Sim	Pet Care	35	86
66654135	Murder Mystery 2	top-playing-now#6 fun-with-friends#18	111376	30964903801	24306658	2014-01-18	2026-09-24	Survival	1 vs All	12	91
7326934954	99 Nights in the Forest 🔦	top-playing-now#7	107313	29804677421	9716002	2025-03-04	2026-09-22	Survival		25	90
6035872082	RIVALS	top-playing-now#8 top-revisited#71	104810	18470383673	93519823	2024-05-26	2026-09-25	Shooter	Deathmatch Shooter	40	94
5595353122	Slayers 2	top-playing-now#9	76669	87384068	464142	2024-02-02	2026-10-02	RPG	Open World & Survival RPG	1	98
3508322461	[SKY ASSASSIN] Jujutsu Shenanigans	top-playing-now#10 fun-with-friends#38 top-revisited#17	73319	7444361317	3057290	2022-04-17	2026-09-29	Action	Battlegrounds & Fighting	20	86
6701277882	[👾UPD] Fish It! 🐟	top-playing-now#11 fun-with-friends#2	71417	4762739824	1291931	2024-10-21	2026-09-27	Simulation	Incremental Simulator	20	83
5750914919	Fisch 🐟 [RACING]	top-playing-now#13 fun-with-friends#66 top-revisited#43	51263	4964757844	3654034	2024-03-13	2026-09-29	Simulation		20	91
6739698191	[CURE] Violence District	top-playing-now#14 fun-with-friends#26 top-revisited#42	51203	1516583670	1635907	2024-10-31	2026-10-01	Survival	1 vs All	6	93
9584852943	+1 Speed Keyboard Escape | Candy & Chocolate	top-playing-now#17 top-revisited#56	45929	6218872048	6861827	2026-01-18	2026-10-01	Simulation	Incremental Simulator	22	97
2711375305	Catalog Avatar Creator	top-playing-now#18 fun-with-friends#22	44339	8010722968	5873411	2021-07-03	2026-10-01	Shopping	Avatar Shopping	24	94
3808081382	The Strongest Battlegrounds	top-playing-now#20 fun-with-friends#55	41015	19330271976	7675069	2022-08-02	2026-09-22	Action	Battlegrounds & Fighting	15	84
6331902150	[✨BONUS] Forsaken	top-playing-now#21 fun-with-friends#76 top-revisited#24	38663	5764846965	3222161	2024-07-28	2026-10-02	Survival	1 vs All	9	84
5361032378	Sol's RNG [ Summer Event 🏖️]	top-playing-now#22 top-revisited#52	35490	2204958401	1021867	2023-12-03	2026-09-30	Simulation	Incremental Simulator	20	91
5203828273	Dress To Impress ⭐	top-playing-now#23	34318	11084386223	7512169	2023-10-18	2026-10-01	Roleplay & Avatar Sim	Dress Up	13	91
10155360168	[CLUBS!] Illegal Soccer	top-playing-now#25 fun-with-friends#69	30397	116462474	213212	2026-05-12	2026-09-30	Sports & Racing	Sports	8	87
3647333358	Evade 	top-playing-now#26 fun-with-friends#79	29374	9246001074	8280729	2022-06-10	2026-09-30	Survival		15	94
3317771874	⛏️ [MINE] Pet Simulator 99! 🌌	top-playing-now#28	26342	2655457107	2199781	2022-02-05	2026-10-02	Simulation	Incremental Simulator	10	95
10148749921	Animal Hospital (Anomaly) 🧪	top-playing-now#29	25130	2373282479	3095994	2026-05-10	2026-09-23	Survival		30	94
7219654364	[🌌DUELS] Murderers VS Sheriffs	top-playing-now#30 fun-with-friends#42 top-revisited#69	23077	1854614258	16700315	2025-02-09	2026-10-01	Action	Battlegrounds & Fighting	30	87
5569032992	🌻 Dandy's World [ALPHA]	top-playing-now#31	23309	7474821527	4656412	2024-01-26	2026-10-01	Survival	Escape	35	87
2440500124	DOORS 👔	top-playing-now#32	23361	7800597806	8220568	2021-03-14	2026-09-16	Survival	Escape	50	93
2668101271	Fling Things and People	top-playing-now#33 fun-with-friends#21	22502	3580412359	2569411	2021-06-16	2025-10-29	Simulation	Physics Sim	25	80
601130232	Bee Swarm Simulator	top-playing-now#34	22408	4586079365	6540999	2018-03-21	2026-08-22	Simulation	Incremental Simulator	6	96
10004244222	[🍭] Kick a Lucky Block	top-playing-now#37	20536	1889141442	26391474	2026-04-07	2026-10-01	Simulation	Tycoon	5	95
5995470825	🔥Hypershot	top-playing-now#39	19613	1320708564	21817960	2024-05-17	2026-09-29	Shooter	Deathmatch Shooter	17	94
6765805766	BlockSpin 🔪 [WEATHER]	top-playing-now#40 fun-with-friends#7 top-revisited#34	18003	1265008898	986369	2024-11-06	2026-09-30	Action	Open World Action	28	79
1202096104	Driving Empire [RIVIAN DEBUT⚡] 	top-playing-now#41	17892	3328020236	31772871	2019-06-23	2026-09-30	Simulation	Vehicle Sim	22	93
7436755782	[🐿️] Grow a Garden 🌶️	top-playing-now#43	17325	35950596155	11432716	2025-03-25	2026-09-30	Simulation	Tycoon	4	90
703124385	Tower of Hell	top-playing-now#44 top-revisited#70	17248	29030007558	12016298	2018-06-18	2026-08-18	Obby & Platformer	Tower Obby	20	74
6176333237	Clarity Over Resonance	top-playing-now#46 top-revisited#11	17119	116290485	42435	2024-06-26	2026-09-26	Social		10	90
2619619496	BedWars [🎣RERELEASE🪤]	top-playing-now#48	16713	11738038966	4629103	2021-05-27	2026-10-01	Action	Battlegrounds & Fighting	40	82
648454481	[🍬HALLOWEEN PT 1] Grand Piece Online	top-playing-now#49	16613	1319879651	1509378	2018-05-06	2026-10-02	RPG	Action RPG	1	90
1516533665	Piggy [SEASON 9 - FRIGHT NIGHT]	top-playing-now#51 fun-with-friends#60	16295	14383789258	12251070	2020-01-23	2026-10-01	Survival		6	90
578392296	ABA	top-playing-now#55 top-revisited#2	16177	1338490904	1002374	2018-02-25	2026-09-30	Action	Battlegrounds & Fighting	16	81
10756011174	[SKINS 🐮] Search For The Needle	top-playing-now#56	15867	83032106	198472	2026-08-23	2026-10-01	Simulation	Incremental Simulator	20	96
5578556129	Anime Vanguards: Wrathful Assault	top-playing-now#57 top-revisited#66	15601	2056374101	1994763	2024-01-28	2026-09-26	Strategy	Tower Defense	24	97
4839802560	LifeTogether 🏠 RP	top-playing-now#58 fun-with-friends#17	15600	3995088354	15715744	2023-07-05	2026-09-28	Roleplay & Avatar Sim	Life	28	90
3240075297	Berry Avenue 🏠 RP	top-playing-now#61 fun-with-friends#35	13902	8794503663	3641600	2022-01-07	2026-09-28	Roleplay & Avatar Sim	Life	31	86
9978329815	Mukbang Game [Testing🍪🥤🧊!	top-playing-now#62	13659	496768935	1054681	2026-04-02	2026-10-01			25	93
10732236937	[ Halloween ] Kaiju Alpha	top-playing-now#63 top-revisited#35	13660	28006346	61472	2026-08-17	2026-10-02	Action	Battlegrounds & Fighting	25	92
10648820673	[🍲] Karinderya!	top-playing-now#64	13352	68110114	1650554	2026-08-07	2026-09-28	Simulation	Tycoon	6	98
10675117523	Anime Breaker [🛠️CRAFT]	top-playing-now#66 fun-with-friends#86	13394	9021706	94148	2026-08-10	2026-09-29	Simulation	Incremental Simulator	12	96
9167377564	100 Days At Sea	top-playing-now#67	13424	376190828	8871781	2025-11-14	2026-09-29	Survival		27	97
4777817887	Blade Ball	top-playing-now#68 fun-with-friends#77	13326	6461823863	12975102	2023-06-17	2026-10-01	Action	Battlegrounds & Fighting	16	93
10460801145	TROLL Hug Tower	top-playing-now#69	13222	198101750	221307	2026-07-07	2026-09-22	Obby & Platformer	Tower Obby	20	86
9294074907	[FPS] One Tap	top-playing-now#70 fun-with-friends#81	12738	567418094	631853	2025-12-04	2026-10-02	Shooter	Deathmatch Shooter	8	88
7018190066	Dead Rails	top-playing-now#71	12622	6585745422	6120604	2025-01-01	2026-09-27	Adventure	Exploration	16	93
10258991999	Command An Army	top-playing-now#72	12216	51244297	800608	2026-06-02	2026-10-02	Action	Battlegrounds & Fighting	12	95
10502841145	[GUILDS] Anime Astral Simulator	top-playing-now#73 top-revisited#20	12048	100550411	124750	2026-07-14	2026-10-01	Simulation	Incremental Simulator	10	97
10261267004	[⛏️] Storage Hunters: Open World	top-playing-now#74	11919	123549435	367047	2026-06-02	2026-10-01	Simulation	Tycoon	8	95
4658598196	Attack on Titan Revolution	top-playing-now#77	11167	1147258698	1496769	2023-05-07	2026-09-28	RPG	Action RPG	20	96
10399136326	Anime Ability Arena	top-playing-now#78	11163	100968424	162710	2026-06-26	2026-10-02	Action	Battlegrounds & Fighting	18	88
5283219861	Lethal Ape	top-playing-now#79	10814	358994952	287151	2023-11-10	2026-10-01	Survival	Escape	20	88
10039889230	Fishing Master	top-playing-now#80	10845	3126522	17203	2026-04-15	2026-10-02	Simulation	Incremental Simulator	20	96
88070565	[🍂] Welcome to Bloxburg 	top-playing-now#81	10812	10114171904	14002268	2014-11-04	2026-09-24	Roleplay & Avatar Sim	Life	12	88
10529769390	[📌RAID REVAMP📌] Slop Tower Defense! 💔	top-playing-now#83	10046	20375567	15020	2026-07-19	2026-10-02	Strategy	Tower Defense	20	79
7585140258	RUNAWAYS [beta]	top-playing-now#84	10113	134920176	633309	2025-04-23	2026-09-25	Action	Open World Action	50	96
4949420752	Realistic Street Soccer	top-playing-now#89	9778	1676445666	796304	2023-08-04	2026-09-25	Sports & Racing	Sports	8	85
4730278139	[DEIMOS👹] untitled boxing game 🥊	top-playing-now#91	9825	1451875894	1364626	2023-06-02	2026-10-01	Action	Battlegrounds & Fighting	22	87
9561553764	Murder Duels	top-playing-now#92	9573	256879061	217149	2026-01-14	2026-10-01	Shooter	Deathmatch Shooter	50	94
4342047058	Guts & Blackpowder	top-playing-now#94 top-revisited#47	9274	602960707	1321191	2023-01-31	2026-10-01	Shooter	PvE Shooter	20	94
7008097940	[🥇] Ink Game	top-playing-now#96	9049	3337773735	22362325	2024-12-31	2026-10-01	Party & Casual		100	79
3359505957	Collect All Pets!	fun-with-friends#1 top-revisited#63	2739	210177813	328806	2022-02-20	2026-09-30	Simulation	Incremental Simulator	12	93
6385532960	[FIXES] Ryujin	fun-with-friends#3 top-revisited#28	3313	26484752	99172	2024-08-07	2026-10-01	Action	Battlegrounds & Fighting	32	94
10415694629	Carry the Glass Together! [2 Player Obby]	fun-with-friends#4	5154	21664576	105259	2026-06-29	2026-09-29	Obby & Platformer		26	88
10547430486	[EVENT] MOUNT SOREYA🌄	fun-with-friends#6	2853	3651275	7475	2026-07-22	2026-10-01	Obby & Platformer		35	96
10742937135	(🎮Update!)   Survive The Hulk	fun-with-friends#8	2609	2849212	44675	2026-08-20	2026-10-01	Survival	1 vs All	12	81
1489026993	🔪Survive the Killer!	fun-with-friends#10	4459	2690141811	4367357	2020-01-06	2026-09-17	Survival	1 vs All	13	90
9908641400	Football Fusion 3	fun-with-friends#12	2075	73027304	57015	2026-03-20	2026-10-01	Sports & Racing	Sports	14	82
6945584306	[⚙️QOL😈] Azure Latch	fun-with-friends#13 top-revisited#5	5173	581305117	651017	2024-12-20	2026-10-01	Sports & Racing	Sports	10	97
10735459345	Terraform	fun-with-friends#14	2699	7237369	13093	2026-08-18	2026-09-02	Simulation	Sandbox	16	77
7178032757	[🍁] Rebirth Champions: Ultimate	fun-with-friends#15	5260	244451547	152332	2025-02-01	2026-09-27	Simulation	Incremental Simulator	10	98
9885372266	Unseen Liminality	fun-with-friends#16	2967	85940493	2499118	2026-03-15	2026-09-30	Adventure	Exploration	15	94
10759638075	[🍀 X2] Pets Universe! 🐾	fun-with-friends#19	5592	3142357	124656	2026-08-24	2026-10-01	Simulation	Incremental Simulator	6	98
3990106548	Baddies 💅	fun-with-friends#20	4744	1868686905	6410823	2022-10-03	2026-09-30	Action	Battlegrounds & Fighting	22	83
10767784619	this underrated game (flamingo simulator)	fun-with-friends#23	2770	1701933	7074	2026-09-23	2026-09-28	Survival	1 vs All	12	90
4772345874	📸PhotoShoot Scenes	fun-with-friends#25	2163	40253721	39001	2023-06-15	2026-09-30	Roleplay & Avatar Sim	Dress Up	15	87
892043755	[🍁UPD] Bubble Gum Simulator	fun-with-friends#28	2884	1251564870	3320240	2018-10-23	2026-10-01	Simulation	Incremental Simulator	10	89
4348829796	MVSD | Murderers VS Sheriffs Duels	fun-with-friends#30	5395	2707891400	11559839	2023-02-02	2026-09-30	Action	Battlegrounds & Fighting	40	84
6174994284	Savannah Life	fun-with-friends#32	2056	208465440	350971	2024-06-26	2026-09-26	Roleplay & Avatar Sim	Animal Sim	65	94
7108384194	Knife VS Gun DUELS	fun-with-friends#33	6250	392403637	710713	2025-01-19	2026-10-02	Action	Battlegrounds & Fighting	40	86
1526814825	War Tycoon	fun-with-friends#34	5322	1120684944	4412296	2020-01-29	2026-10-01	Simulation	Tycoon	18	91
372226183	Flee the Facility	fun-with-friends#36	8819	6043117264	9711250	2017-07-01	2026-10-01	Survival	1 vs All	5	92
210851291	Build A Boat For Treasure	fun-with-friends#40	8727	5213720017	8532979	2016-11-02	2026-09-28	Simulation	Sandbox	7	93
6061766680	[UNBANS] fight in a school	fun-with-friends#41	2799	566995592	601749	2024-06-01	2026-10-01	Action	Battlegrounds & Fighting	30	79
5125369493	Driving Simulator	fun-with-friends#43 top-revisited#67	2308	11713037	67179	2023-09-24	2026-09-18	Simulation	Vehicle Sim	20	89
4987856151	Wanted	fun-with-friends#44	3962	124684764	521039	2023-08-14	2026-09-25	Action	Open World Action	30	97
1278035280	Warrior Cats: Ultimate Edition	fun-with-friends#45	3134	779987983	1512792	2019-08-15	2026-09-18	Roleplay & Avatar Sim	Animal Sim	60	93
2471084	🌳 Lumber Tycoon 2	fun-with-friends#46	7598	1327957639	4643765	2009-07-30	2026-09-28	Simulation	Tycoon	6	88
4568630521	[💥] Heroes Battlegrounds	fun-with-friends#48	3723	1743940872	1618738	2023-04-11	2026-10-01	Action	Battlegrounds & Fighting	15	86
245662005	Jailbreak	fun-with-friends#51	5712	8062181237	18673857	2017-01-06	2026-09-30	Action	Open World Action	30	88
5039839070	(ANNIVERSARY) Outcome Memories v0.2	fun-with-friends#52 top-revisited#18	4008	352852956	519257	2023-08-29	2026-09-30	Survival	1 vs All	8	88
7264587281	SNIPER DUELS	fun-with-friends#53	2620	403714360	1989258	2025-02-19	2026-10-02	Shooter	Deathmatch Shooter	50	77
4983034985	Conquer The World WW2 [🌍]	fun-with-friends#54	5726	285668318	852456	2023-08-13	2026-09-22	Strategy		14	81
10756780270	STOP! Word Duel	fun-with-friends#56	3979	1646962	3717	2026-08-23	2026-10-02	Puzzle	Word	26	80
6504986360	[🍁SEASON] Bubble Gum Simulator INFINITY	fun-with-friends#57	5104	608172406	291616	2024-09-02	2026-09-29	Simulation	Incremental Simulator	12	97
9780429221	Cheating During Testing [BETA]	fun-with-friends#58	1928	78183357	1230302	2026-02-22	2026-10-02	Survival		24	82
4523856444	Color or Die 🎨	fun-with-friends#59	2162	1362533467	1735548	2023-03-29	2026-08-15	Survival	Escape	15	90
7629331599	Prospecting! 💎	fun-with-friends#62	6182	265675278	476762	2025-05-02	2026-09-29	Simulation		20	96
6749060816	[UPD] Asylum Life 🔊	fun-with-friends#63	4456	290214631	1904756	2024-11-02	2026-10-02	Roleplay & Avatar Sim		40	83
3187874989	The Mad Murderer X	fun-with-friends#64	2854	187219073	250441	2021-12-22	2026-08-29	Survival	1 vs All	12	86
10403820097	Hot Potato 🥔💥	fun-with-friends#67	2846	35535729	1333367	2026-06-27	2026-09-06	Party & Casual		12	75
10739137760	The Cosalazo 2 	fun-with-friends#68	4995	21602508	31521	2026-08-19	2026-10-01	Simulation	Vehicle Sim	15	93
10335111891	just a sniper game	fun-with-friends#70 top-revisited#76	2453	2798146	62906	2026-06-15	2026-09-30	Survival	1 vs All	12	78
10532995815	[🗻] Mine Antarctica	fun-with-friends#71	7836	5354700	149523	2026-07-19	2026-09-30	Simulation	Incremental Simulator	8	97
4673599750	📚 Murderers vs Sheriffs 2	fun-with-friends#72	2082	555978882	508169	2023-05-13	2026-09-06	Shooter	Deathmatch Shooter	16	87
10195997258	[☣️] Pull a Lucky Fish	fun-with-friends#73	3399	50480306	123111	2026-05-20	2026-10-01	Simulation	Tycoon	5	95
3730079862	Examination	fun-with-friends#74	5784	57526960	484338	2022-07-09	2026-10-02	Shooter	PvE Shooter	20	92
2380077519	[UPDATE🧤] Slap Battles👏	fun-with-friends#75	4188	3648585119	4656878	2021-02-16	2026-09-27	Action	Battlegrounds & Fighting	16	86
9741874508	Traitor VS Sheriff DUELS	fun-with-friends#78	2087	110493142	5741649	2026-02-16	2026-09-11	Action	Battlegrounds & Fighting	35	93
5720553711	NewSmith 🏡 RP	fun-with-friends#80	5657	762295111	3143553	2024-03-04	2026-10-01	Roleplay & Avatar Sim	Life	27	92
2549475383	Livetopia 🏡 RP	fun-with-friends#82	4820	5499797433	57510198	2021-04-28	2026-09-30	Roleplay & Avatar Sim	Life	17	90
1016936714	[CDR & DD] Your Bizarre Adventure	fun-with-friends#83 top-revisited#39	4890	2261346369	1967364	2019-02-02	2026-09-30	RPG	Action RPG	20	89
65241	Natural Disaster Survival	fun-with-friends#84	6441	4494387460	11879092	2008-03-28	2026-09-17	Survival		30	91
10289201563	[NEW RIGS] Chameleon! 🎨	fun-with-friends#85	3236	81268568	176030	2026-06-07	2026-08-21	Party & Casual	Childhood Game	15	79
10387635049	[INDEX📖] Race Horses	fun-with-friends#87	2900	7734997	387698	2026-06-24	2026-09-30	Simulation	Tycoon	8	91
10255788071	Cowboy DUELS	fun-with-friends#88	1585	11963155	36329	2026-06-01	2026-10-01	Action	Battlegrounds & Fighting	40	88
10223976219	Climb Scary Worm Tower 3	fun-with-friends#89	3291	47801579	91371	2026-05-26	2026-09-12	Obby & Platformer	Tower Obby	100	90
3204175584	Redcliff City 🏡RP 	fun-with-friends#90	2120	1208825010	1046752	2021-12-27	2026-09-26	Roleplay & Avatar Sim	Life	26	86
3541611379	TB II COLLAB | Tower Defense X: BETA	top-revisited#1	4688	413359615	336664	2022-04-30	2026-10-02	Strategy	Tower Defense	50	94
4150150482	[SNOWGRAVE + ENDLESS + 2X] TBSOBR	top-revisited#3	412	13722169	13576	2022-12-02	2026-10-02	Action	Battlegrounds & Fighting	6	80
1946714362	[🐢] Bloodlines	top-revisited#4	960	61767716	163919	2020-08-16	2026-09-19	RPG	Action RPG	1	82
2765784373	PHIGHTING! [BETA]	top-revisited#6	3832	89516440	533316	2021-07-22	2026-10-02	Action	Battlegrounds & Fighting	16	94
9219838330	Project Mirror Labyrinth	top-revisited#7	380	13879969	40178	2025-11-22	2026-09-29	RPG	Turn-based RPG	15	97
6190071862	Grave/Digger	top-revisited#8	1571	68779866	230523	2024-06-29	2026-10-01	Shooter	Deathmatch Shooter	32	88
9948575164	[🔮] Merge Shop	top-revisited#9	1472	53112582	246561	2026-03-27	2026-09-26	Puzzle	Match & Merge	6	96
9857395727	My KPop Idol Binder	top-revisited#10	262	4827239	17445	2026-03-09	2026-10-02	Simulation	Tycoon	8	92
4260784961	Napoleonic Wars	top-revisited#12	36	23864030	77407	2023-01-06	2026-09-25	Action		200	85
1087859240	Rogue Lineage	top-revisited#13	559	385033481	345024	2019-03-29	2026-09-17	RPG	Action RPG	10	84
6231868526	Our Execution [V7.8a.0: Medical Aid & More]	top-revisited#15	806	7101394	37992	2024-07-07	2026-09-27	Shooter	PvE Shooter	18	84
10737656087	THA BRONX 3	top-revisited#16	2384	3798596	11553	2026-08-18	2026-09-30	Action	Open World Action	30	94
6375110339	[ BattleArmor ] ST : Blockade Battlefront	top-revisited#19	1700	153001970	105240	2024-08-05	2026-09-30	Action	Battlegrounds & Fighting	1	92
3913007563	The Battle Bricks	top-revisited#21	2189	142384157	313921	2022-09-06	2026-10-02	Strategy	Tower Defense	1	85
10765927544	☀️Zarechensk RP	top-revisited#22	302	390834	1383	2026-09-10	2026-09-30	Roleplay & Avatar Sim	Life	50	91
5617259335	War Universalis [UPDATE]	top-revisited#23	153	8723953	29242	2024-02-07	2026-09-28	Strategy		200	85
3747388906	Fallen Survival🏹	top-revisited#25	330	47937570	282883	2022-07-15	2026-10-02	Action	Open World Action	100	85
4186374809	Locos Online SCAREDY ENGINES 🚂 🌏	top-revisited#26	260	20374930	31580	2022-12-15	2026-09-27	Simulation	Vehicle Sim	18	87
1271059807	[🎉6th Anniversary!] Stevos Gems Eras Roleplay	top-revisited#27	1777	75620128	387560	2019-08-10	2026-09-30	Roleplay & Avatar Sim	Morph Roleplay	50	91
9931749389	Dungeon Quest Reborn	top-revisited#29	6162	146011636	232538	2026-03-24	2026-09-28	RPG	Action RPG	40	96
4743794878	The Classic Soccer	top-revisited#30	322	111121822	36414	2023-06-05	2026-09-30	Sports & Racing	Sports	10	84
2408700413	[NEW MAP] Kaiju Paradise	top-revisited#31	386	306481722	667465	2021-02-28	2026-10-01	Survival		46	77
10202515720	[EVENT] Undertale Multiverse Simulator 1.5	top-revisited#33	332	2661271	5291	2026-05-22	2026-09-29	Action	Battlegrounds & Fighting	15	88
3289847355	[Gradient & Rainbow!] Tower Creator	top-revisited#36	233	31411842	43227	2022-01-26	2026-09-28	Simulation	Sandbox	16	81
9229146348	JUST ONE MORE ASYM [Brickbattler Testing]	top-revisited#38	504	10233235	38895	2025-11-23	2026-10-02	Survival		16	80
3827505494	[🎃] Trollge Universe Incident	top-revisited#40	377	30636968	51569	2022-08-08	2026-10-01	Action	Battlegrounds & Fighting	16	71
3183403065	[🤹APRIL FOOL'S🤡] AA	top-revisited#41	2223	2511967124	1394481	2021-12-21	2025-09-03	Strategy	Tower Defense	30	92
903807016	[🗺️] Emergency Response: Liberty County	top-revisited#44	4612	1593300339	2848948	2018-11-01	2026-10-01	Roleplay & Avatar Sim	Life	50	91
9338511689	[🍀] NFT Battle	top-revisited#45	447	36104473	10296	2025-12-11	2026-09-29	Simulation	Incremental Simulator	8	85
10224552728	[5 MILLION] 8:20 PM: Remastered	top-revisited#46	123	5722948	3923	2026-05-26	2026-10-02	Puzzle	Escape Room	100	77
7934320560	Five Nights TD 2 [SEASON 7]	top-revisited#48	2300	109703474	136390	2025-06-17	2026-10-02	Strategy	Tower Defense	20	95
8570876289	UNTITLED RPG GAME	top-revisited#49	527	61679984	23400	2025-08-28	2026-10-02	RPG	Action RPG	20	81
10638048650	SpinPractices	top-revisited#50	359	3539390	30628	2026-08-05	2026-10-02	Action	Open World Action	20	77
5488708927	The Eternal Abyss	top-revisited#51	152	7469422	21527	2024-01-04	2026-10-01	Obby & Platformer		25	86
10491385664	Da Uphill 🎃 (MOBILE MACRO)	top-revisited#53	217	3249905	957	2026-07-12	2026-10-02	Action	Open World Action	35	78
9965411707	[UPD 4🌊] Noob Incremental	top-revisited#54	3395	47295867	76544	2026-03-30	2026-09-30	Simulation	Incremental Simulator	6	96
6395392848	La Cueva ZuaZua [LPMX]	top-revisited#55	616	21704359	11782	2024-08-10	2026-09-27	Sports & Racing	Sports	30	90
10648443086	עולם הכיף 🌿🎉 - בואו לכיף ישראל	top-revisited#57	177	1398176	13805	2026-08-07	2026-09-30	Roleplay & Avatar Sim		50	75
147332621	Typical Colors 2	top-revisited#60	608	208033159	554633	2015-12-03	2026-09-27	Shooter	Deathmatch Shooter	24	80
9801530990	UzbekHaven RP 🇺🇿 🍂	top-revisited#61	375	8403100	92625	2026-02-26	2026-09-23	Roleplay & Avatar Sim	Life	20	89
3047037061	bLockerman's Minesweeper	top-revisited#62	1223	152924891	155925	2021-11-01	2026-08-29	Puzzle		5	87
2640407187	(UPDATE!) Car Driving Indonesia	top-revisited#64	3886	541138861	428560	2021-06-05	2026-10-01	Simulation	Vehicle Sim	1	86
10612818475	Professional Creators Stadium	top-revisited#65	112	324572	284	2026-08-01	2026-10-02	Sports & Racing	Sports	200	86
2618786652	[JANITOR] Daybreak 	top-revisited#68	214	52569673	327818	2021-05-27	2026-09-29	Survival	1 vs All	9	87
7746026531	Damnation [INDEV]	top-revisited#72	358	36760534	51379	2025-05-22	2026-10-01	Survival	1 vs All	9	83
6190384723	[🎃] Baddies Brawl 👊	top-revisited#73	357	103171321	554379	2024-06-29	2026-09-30	Action	Battlegrounds & Fighting	25	86
2682938349	Wild Horse Islands	top-revisited#74	1712	679898765	660332	2021-06-22	2026-09-28	Roleplay & Avatar Sim	Pet Care	20	92
1899566343	Rugby Rumble	top-revisited#75	815	41054912	31301	2020-07-25	2026-09-23	Sports & Racing	Sports	14	85
8524572339	bridger: WESTERN (CMOON)	top-revisited#77	968	95181738	138168	2025-08-23	2026-09-26	Action	Open World Action	25	79
10764333084	[!] ProvinceMotoVlog	top-revisited#78	447	314224	1345	2026-08-29	2026-09-29	Simulation	Vehicle Sim	15	90
10290675105	Roll for Chiikawa ! [RNG]	top-revisited#79	598	4634567	47308	2026-06-08	2026-09-28	Simulation	Incremental Simulator	10	94
10371156562	Forest Market	top-revisited#80	2752	7769628	183486	2026-06-21	2026-10-02	Simulation		12	95
9169166771	Tiny Universe RP [Limiteds!!]	top-revisited#81	1156	70725330	64010	2025-11-15	2026-10-02	Roleplay & Avatar Sim	Morph Roleplay	25	78
